magnitude,date_time,cdi,mmi,alert,tsunami,sig,magType,depth,latitude,longitude
6.5,16-08-2023 12:47,7,4,green,0,657,mww,192.955,-13.8814,167.158
6.5,19-07-2023 00:22,8,6,yellow,0,775,mww,69.727,12.814,-88.1265
6.6,17-07-2023 03:05,7,5,green,0,899,mww,171.371,-38.1911,-70.3731
7.2,16-07-2023 06:48,6,6,green,1,860,mww,32.571,54.3844,-160.699
7.3,16-07-2023 06:48,0,5,,1,820,Mi,21,54.49,-160.796
6.6,10-07-2023 20:28,5,4,green,1,802,mww,10,20.0196,-61.0955
6.9,02-07-2023 10:27,4,4,green,1,741,mww,229,-17.853,-174.937
7.2,15-06-2023 18:06,8,6,green,1,804,mww,167.404,-22.9824,-177.208
6.6,25-05-2023 03:05,6,6,green,1,733,mww,10,8.8894,-77.1231
7.1,20-05-2023 01:51,3,4,green,1,777,mww,35.981,-23.0622,170.456
7.7,19-05-2023 02:57,5,4,green,1,927,mww,18.027,-23.2286,170.694
7.6,10-05-2023 16:02,8,6,green,1,907,mww,210.097,-15.6002,-174.608
6.6,28-04-2023 03:13,0,2,green,0,670,mww,598.467,-25.2657,178.424
7.1,24-04-2023 20:00,9,7,green,0,838,mww,15.462,-0.781,98.5339
7.1,24-04-2023 00:41,8,7,green,1,777,mww,43.063,-30.0249,-177.897
6.7,18-04-2023 04:31,0,3,green,1,691,mww,595.854,-22.2844,179.391
7,14-04-2023 09:55,5,3,green,0,818,mww,594.028,-6.0255,112.033
6.5,03-04-2023 03:06,7,6,yellow,1,655,mww,105.631,52.7772,158.484
7,02-04-2023 18:04,7,7,green,1,781,mww,62.603,-4.2924,143.155
6.5,22-03-2023 16:00,4,4,green,0,656,mww,209.976,-23.4797,-66.5108
6.5,21-03-2023 16:47,7,5,green,0,1350,mww,187.589,36.5227,70.9787
6.8,18-03-2023 17:12,9,7,orange,1,1159,mww,65.842,-2.851,-79.8001
7,16-03-2023 00:56,8,5,green,1,756,mww,22.065,-30.1147,-176.112
6.9,04-03-2023 06:41,5,5,green,1,735,mww,205.681,-29.4748,-178.787
6.5,02-03-2023 18:04,7,6,green,1,653,mww,10,-15.3597,166.385
6.5,01-03-2023 05:36,4,2,green,1,652,mww,598.925,-4.8138,149.487
6.8,23-02-2023 00:37,9,7,green,0,737,mww,20.522,38.0726,73.2077
7.5,06-02-2023 10:24,9,9,orange,0,1411,mww,10,38.0235,37.203
6.7,06-02-2023 01:28,9,8,yellow,0,800,mww,14.497,37.4135,36.8306
7.8,06-02-2023 01:17,9,9,red,0,2910,mww,17.925,37.2012,36.9997
6.8,20-01-2023 22:09,4,3,green,0,718,mww,610.671,-26.7209,-63.0394
7,18-01-2023 06:06,3,5,green,1,756,mwc,28.566,2.7401,127.051
7.6,09-01-2023 17:47,5,7,green,0,957,mww,105.249,-7.0852,130.039
7,08-01-2023 12:32,8,7,green,1,768,mww,29,-14.9383,166.878
6.8,04-12-2022 19:24,5,5,green,1,720,mww,38,-15.3983,-172.968
7,22-11-2022 02:03,8,7,green,1,768,mww,14,-9.7963,159.596
6.9,18-11-2022 13:37,4,4,green,0,735,mww,25,-4.9559,100.738
7,12-11-2022 07:09,3,3,green,1,755,mww,579,-20.0508,-178.346
7.3,11-11-2022 10:48,5,5,green,1,833,mww,37,-19.2918,-172.129
6.6,09-11-2022 10:14,0,2,green,1,670,mww,624.464,-25.5948,178.278
7,09-11-2022 09:51,4,3,green,1,755,mwb,660,-26.0442,178.381
6.8,09-11-2022 09:38,1,3,green,1,711,mww,630.379,-25.9678,178.363
6.7,20-10-2022 11:57,7,6,green,1,797,mww,20,7.6712,-82.3396
6.8,22-09-2022 06:16,8,7,yellow,1,1179,mww,20,18.33,-102.913
7.6,19-09-2022 18:05,9,8,yellow,1,1799,mww,26.943,18.3667,-103.252
6.9,18-09-2022 06:44,9,9,yellow,1,887,mww,10,23.1444,121.307
6.5,17-09-2022 13:41,7,7,green,1,756,mww,10,23.029,121.348
7,14-09-2022 11:04,7,5,green,1,761,mww,137,-21.2077,170.239
7.6,10-09-2022 23:47,8,8,yellow,1,965,mww,116,-6.2237,146.471
6.6,05-09-2022 04:52,9,8,orange,0,1043,mww,12,29.7263,102.279
6.6,14-08-2022 13:44,7,6,green,1,672,mww,30,-32.6922,-178.959
7,27-07-2022 00:43,9,8,yellow,1,1351,mww,33.729,17.5978,120.809
6.5,08-06-2022 00:55,3,2,green,0,653,mww,622.73,-9.0618,-71.1647
7.2,26-05-2022 12:02,7,5,green,1,876,mww,236,-14.8628,-70.3081
6.9,19-05-2022 10:13,2,5,green,1,733,mww,10,-54.1325,159.027
6.8,10-05-2022 23:06,6,5,green,1,762,mww,220,-23.6141,-66.7236
6.6,21-04-2022 07:42,6,5,green,1,762,mww,27,11.5538,-86.9919
7,31-03-2022 05:44,6,4,green,1,763,mww,10,-22.5732,170.349
6.9,30-03-2022 20:56,6,4,green,1,738,mww,10,-22.72,170.277
6.7,22-03-2022 17:41,8,7,green,1,806,mww,24,23.3421,121.636
7.3,16-03-2022 14:36,9,8,red,1,2397,mww,41,37.7015,141.587
6.7,13-03-2022 21:09,9,6,green,0,708,mww,28,-0.6831,98.6034
6.6,02-03-2022 12:52,2,7,green,1,670,mww,24,-30.0528,-177.74
6.8,16-02-2022 20:21,2,3,green,1,712,mww,535,-23.7852,-179.968
6.5,03-02-2022 15:58,8,6,green,0,690,mww,110,-4.455,-76.9395
6.5,29-01-2022 02:46,7,4,green,1,651,mww,8,-29.535,-176.729
6.6,14-01-2022 09:05,8,6,green,0,785,mww,33,-6.9291,105.251
6.5,11-01-2022 12:39,0,3,,1,650,Mi,37,52.502,-168.08
6.5,11-01-2022 12:39,0,3,,1,650,Mi,37,52.502,-168.08
6.6,11-01-2022 12:39,8,5,green,1,674,mww,19,52.6252,-168.15
6.7,11-01-2022 11:35,0,4,,1,691,Mi,33,52.48,-167.736
6.7,11-01-2022 11:35,0,4,,1,691,Mi,33,52.48,-167.736
6.8,11-01-2022 11:35,7,6,green,1,730,mww,20,52.6563,-167.917
6.6,11-01-2022 01:07,6,6,green,0,976,mww,21,35.1456,31.9095
6.6,07-01-2022 17:45,9,8,orange,0,1012,mww,13,37.8167,101.299
7.3,29-12-2021 18:25,8,7,green,0,921,mww,165.49,-7.5924,127.581
7.3,14-12-2021 03:20,9,5,green,1,854,mww,14.27,-7.6033,122.2
7.5,28-11-2021 10:52,8,8,yellow,1,1094,mww,126,-4.4898,-76.8461
6.6,10-11-2021 15:45,7,4,green,1,688,mww,12,23.5414,126.48
6.9,11-10-2021 09:10,8,6,green,1,995,mww,51.6,56.2581,-156.492
6.9,09-10-2021 10:58,4,3,green,1,740,mww,535,-21.1704,174.54
7.3,02-10-2021 06:29,4,4,green,1,826,mww,527,-21.1036,174.895
6.5,22-09-2021 09:57,7,5,green,1,684,mww,21,12.1598,-87.8542
7,08-09-2021 01:47,8,8,red,1,2504,mww,20,16.9502,-99.7877
7.1,22-08-2021 21:33,1,4,green,1,776,mww,6,-60.3026,-24.9992
6.6,22-08-2021 00:45,1,3,green,1,670,mww,7,-60.1023,-24.4608
6.9,18-08-2021 10:10,8,7,green,1,741,mww,93,-14.892,167.085
6.9,16-08-2021 11:10,6,4,green,1,734,mww,16.7,-58.3814,-23.3318
7.2,14-08-2021 12:29,9,8,red,1,2331,mww,10,18.3521,-73.4804
6.9,14-08-2021 11:57,5,4,green,1,738,mww,33.3,55.2364,-157.707
6.9,14-08-2021 11:57,5,4,green,1,738,mww,20.74,55.2657,-157.68
8.1,12-08-2021 18:35,0,7,green,0,1009,mww,22.79,-58.4157,-25.3206
7.5,12-08-2021 18:32,9,6,green,1,868,mww,47.23,-57.5959,-25.1874
7.1,11-08-2021 17:46,9,7,green,1,846,mww,55.14,6.4547,126.742
8.2,29-07-2021 06:15,8,6,green,1,1237,mww,46.66,55.4742,-157.917
8.2,29-07-2021 06:15,8,7,yellow,1,1252,mww,35,55.3154,-157.829
6.7,23-07-2021 20:48,8,5,green,1,935,mww,110,13.6989,120.713
6.7,21-07-2021 21:15,6,6,green,1,830,mww,10,7.5904,-82.8813
6.5,20-06-2021 17:05,0,4,green,1,650,mww,25,-30.2144,-177.773
6.5,21-05-2021 22:13,5,7,green,1,652,mww,10,-16.4796,-177.356
7.3,21-05-2021 18:04,9,9,orange,0,1025,mww,10,34.5861,98.2551
6.7,14-05-2021 06:33,8,4,green,0,698,mww,11,0.1684,96.6475
6.7,12-05-2021 14:05,9,3,green,0,694,mww,10,-17.2495,66.3745
6.9,01-05-2021 01:27,7,6,green,1,919,mww,43,38.2296,141.665
6.5,25-04-2021 22:28,4,4,green,0,651,mww,246,-21.6857,-177.064
6.5,24-04-2021 00:23,6,4,green,0,652,mww,301,-18.9204,-176.235
7,20-03-2021 09:09,7,7,yellow,1,1052,mww,43,38.4752,141.607
6.6,16-03-2021 18:38,5,5,green,1,672,mww,13.23,54.7018,163.208
6.5,04-03-2021 23:12,0,4,green,0,650,mwb,24,-28.4792,-176.619
8.1,04-03-2021 19:28,9,8,green,1,1021,mww,28.93,-29.7466,-177.224
7.4,04-03-2021 17:41,3,7,green,1,843,mww,43,-29.6131,-177.842
7.3,04-03-2021 13:27,7,6,green,1,932,mww,10,-37.596,179.544
7.1,13-02-2021 14:07,9,8,orange,1,1612,mww,43.98,37.6856,141.992
7.7,10-02-2021 13:19,9,4,green,1,918,mww,10,-23.2787,171.489
6.9,23-01-2021 23:36,9,5,green,1,739,mww,15,-61.8484,-55.559
7,21-01-2021 12:23,7,5,green,1,802,mww,80,5.0074,127.517
6.7,11-01-2021 21:32,8,8,green,0,776,mww,10,51.2407,100.443
6.7,27-12-2020 21:39,5,5,green,1,776,mww,10,-39.3264,-74.9067
7,30-10-2020 11:51,8,7,orange,0,1527,mww,21,37.8973,26.7953
7.6,19-10-2020 20:54,9,7,yellow,1,1165,mww,28.37,54.662,-159.675
6.9,18-09-2020 21:43,0,3,green,1,732,mww,10,0.9604,-26.8332
6.5,01-09-2020 21:09,6,6,green,0,674,mww,16,-27.9285,-71.3937
6.8,01-09-2020 04:09,6,7,green,1,824,mww,21,-28.013,-71.1958
6.5,30-08-2020 21:20,4,5,green,0,651,mww,10,0.8696,-29.7046
6.9,21-08-2020 04:09,4,3,green,0,749,mww,624,-6.6704,123.493
6.9,18-08-2020 22:29,4,4,green,0,735,mww,26,-4.2791,101.215
6.8,18-08-2020 22:23,5,4,green,0,716,mww,22,-4.3724,101.095
6.6,18-08-2020 00:03,9,8,yellow,1,784,mww,10,12.0065,124.13
7.8,22-07-2020 06:12,9,7,green,1,1111,mww,28,55.1079,-158.477
7,17-07-2020 02:50,6,7,green,1,820,mww,73,-7.847,147.755
6.6,06-07-2020 22:54,4,2,green,0,684,mww,533.76,-5.6368,110.678
7.4,23-06-2020 15:29,8,8,orange,1,1494,mww,20,15.9163,-95.9533
7.4,18-06-2020 12:49,7,7,green,1,873,mww,10,-33.2938,-177.838
6.6,13-06-2020 15:51,5,4,green,1,734,mww,165,28.9386,128.262
6.8,03-06-2020 07:35,6,6,green,1,835,mww,112,-23.2966,-68.4204
6.5,15-05-2020 11:03,7,8,green,0,1320,ml,2.7,38.1689,-117.85
6.6,12-05-2020 22:41,4,6,green,1,671,mww,107,-12.0662,166.648
6.8,06-05-2020 13:53,4,6,green,0,738,mww,96,-6.7762,129.785
6.5,02-05-2020 12:51,7,6,green,0,678,mww,10,34.1818,25.7101
6.5,31-03-2020 23:52,8,8,green,0,1410,mww,12.06,44.4646,-115.118
7.5,25-03-2020 02:49,6,5,green,1,879,mww,57.8,48.9638,157.695
7,13-02-2020 10:33,5,6,yellow,1,770,mww,143,45.6161,148.959
7.7,28-01-2020 19:10,9,6,yellow,1,1812,mww,14.86,19.4193,-78.756
6.7,24-01-2020 17:55,8,9,orange,0,1247,mww,10,38.4312,39.0609
6.8,15-12-2019 06:11,9,7,yellow,1,825,mww,18,6.6969,125.174
7.1,14-11-2019 16:17,6,6,green,1,799,mww,33,1.6213,126.416
6.5,08-11-2019 10:44,0,2,green,0,650,mww,577,-21.9449,-179.511
6.6,04-11-2019 22:43,4,4,green,1,673,mww,10,-18.5747,-175.272
6.5,31-10-2019 01:11,9,7,green,1,733,mww,10,6.9098,125.178
6.6,29-10-2019 01:04,9,7,yellow,1,780,mww,15,6.7567,125.008
6.7,29-09-2019 15:57,7,6,green,1,844,mww,11,-35.4758,-73.163
6.5,25-09-2019 23:46,7,7,yellow,1,656,mww,12.26,-3.4528,128.37
6.6,01-09-2019 15:54,2,3,,1,671,mww,591,-20.3641,-178.57
6.6,27-08-2019 23:55,0,4,green,1,670,mww,16,-60.2152,-26.5801
6.9,02-08-2019 12:03,4,6,green,0,875,mww,49,-7.2822,104.791
6.8,01-08-2019 18:28,6,6,green,1,947,mww,25,-34.2364,-72.3102
6.6,31-07-2019 15:02,0,4,green,1,670,mww,181,-16.1985,167.998
7.2,14-07-2019 09:10,7,7,green,1,809,mww,18.98,-0.5858,128.034
6.6,14-07-2019 05:39,5,5,green,0,791,mww,10,-18.2242,120.358
6.9,07-07-2019 15:08,7,5,green,0,747,mww,35,0.5126,126.189
7.1,06-07-2019 03:19,9,9,yellow,0,1646,mw,8,35.7695,-117.599
7.3,24-06-2019 02:53,4,6,green,1,952,mww,212,-6.4078,129.169
7.3,15-06-2019 22:55,8,6,green,1,830,mww,46,-30.6441,-178.1
6.6,30-05-2019 09:03,7,6,yellow,1,886,mww,57.92,13.1994,-89.3056
8,26-05-2019 07:41,9,8,orange,1,1890,mww,122.57,-5.8119,-75.2697
7.6,14-05-2019 12:58,7,7,green,1,929,mww,10,-4.051,152.597
7.1,06-05-2019 21:19,7,6,yellow,1,826,mww,146,-6.9746,146.449
6.8,12-04-2019 11:40,5,6,green,1,717,mww,15.46,-1.8146,122.58
6.5,09-04-2019 17:53,0,5,green,1,650,mww,38,-58.6262,-25.304
7,01-03-2019 08:50,7,4,green,1,869,mww,267,-14.7131,-70.1546
7.5,22-02-2019 10:17,7,7,yellow,1,1145,mww,145,-2.1862,-77.0505
6.7,01-02-2019 16:14,6,6,yellow,1,909,mww,66,14.6802,-92.4527
6.7,22-01-2019 19:01,0,3,green,0,691,mww,13,-43.1219,42.3568
6.7,20-01-2019 01:32,8,8,orange,1,1600,mww,63,-30.0404,-71.3815
6.6,15-01-2019 18:06,5,4,green,1,671,mww,35,-13.336,166.875
6.6,06-01-2019 17:27,2,4,green,1,672,mww,43.21,2.258,126.758
6.8,05-01-2019 19:25,3,3,green,0,715,mww,570.41,-8.144,-71.587
7,29-12-2018 03:39,5,5,green,1,803,mww,60.21,5.8983,126.921
7.3,20-12-2018 17:01,3,7,green,1,822,mww,16.56,55.0999,164.699
7.1,11-12-2018 02:26,0,5,green,1,776,mww,133,-58.5446,-26.3856
6.6,05-12-2018 06:43,0,4,green,1,670,mww,10,-22.0629,169.733
7.5,05-12-2018 04:18,3,6,green,1,871,mww,10,-21.9496,169.427
7.1,30-11-2018 17:29,8,8,orange,1,1790,mw,46.7,61.3464,-149.955
6.8,18-11-2018 20:25,0,3,green,1,711,mww,540,-17.8735,-178.927
6.7,09-11-2018 01:49,3,4,green,1,693,mww,10,71.6312,-11.2431
6.8,25-10-2018 22:54,8,7,yellow,0,954,mww,14,37.5203,20.5565
6.5,22-10-2018 06:22,2,4,green,0,655,mww,10,49.297,-129.724
6.8,22-10-2018 06:16,4,4,green,1,776,mww,10,49.3346,-129.289
6.5,22-10-2018 05:39,3,4,green,1,669,mww,10,49.2586,-129.412
6.5,16-10-2018 01:03,0,4,green,1,650,mww,17,-21.7427,169.522
6.7,13-10-2018 11:10,0,3,green,1,691,mww,461,52.8549,153.243
6.5,10-10-2018 23:16,0,4,green,1,650,mww,20,49.2902,156.297
7,10-10-2018 20:48,6,6,green,1,758,mww,39,-5.7012,151.205
6.7,30-09-2018 10:52,2,3,green,1,691,mww,550,-18.3604,-178.063
7.5,28-09-2018 10:02,8,8,red,0,2026,mww,20,-0.2559,119.846
6.5,16-09-2018 21:11,4,1,green,0,651,mww,576,-25.415,178.199
6.9,10-09-2018 04:19,3,4,green,0,735,mww,115,-31.7447,-179.373
6.5,09-09-2018 19:31,3,6,green,1,651,mww,68,-10.0207,161.503
7.9,06-09-2018 15:49,7,4,green,1,979,mww,670.81,-18.4743,179.35
6.6,05-09-2018 18:07,8,9,orange,1,1075,mww,35,42.6861,141.929
7.1,29-08-2018 03:51,2,5,green,1,776,mww,21.43,-22.0295,170.126
7.1,24-08-2018 09:04,0,3,green,0,776,mww,630,-11.0355,-70.8284
6.5,21-08-2018 22:32,6,7,green,1,652,mww,9,-16.0315,168.143
7.3,21-08-2018 21:31,8,6,yellow,1,1570,mww,146.82,10.7731,-62.9019
6.9,19-08-2018 14:56,7,7,green,0,1206,mww,21,-8.319,116.627
8.2,19-08-2018 00:19,5,4,green,1,1050,mww,600,-18.1125,-178.153
6.5,17-08-2018 15:35,5,3,green,0,743,mww,529,-7.3718,119.802
6.5,15-08-2018 21:56,6,6,green,1,655,mww,33.93,51.4234,-178.026
6.9,05-08-2018 11:46,9,8,orange,0,1704,mww,34,-8.2581,116.438
6.9,04-05-2018 22:32,7,8,yellow,1,1392,mw,5.81,19.3182,-155
6.8,02-04-2018 13:40,5,3,green,0,733,mww,559,-20.6588,-63.0058
6.9,29-03-2018 21:25,9,6,green,1,741,mww,35,-5.5321,151.5
6.7,26-03-2018 09:51,5,6,green,1,696,mww,40,-5.5024,151.402
6.8,08-03-2018 17:39,6,6,green,1,719,mww,22.86,-4.3762,153.2
6.7,06-03-2018 14:13,8,7,green,1,697,mww,20.49,-6.3043,142.612
7.5,25-02-2018 17:44,9,8,yellow,1,943,mww,25.21,-6.0699,142.754
7.2,16-02-2018 23:39,7,7,yellow,1,1384,mww,22,16.3855,-97.9787
7.9,23-01-2018 09:31,9,4,green,1,1870,mww,14.06,56.0039,-149.166
7.1,14-01-2018 09:18,9,7,green,1,1075,mww,39,-15.7675,-74.7092
7.5,10-01-2018 02:51,8,5,green,1,1623,mww,19,17.4825,-83.52
6.5,15-12-2017 16:47,8,7,green,0,998,mww,90,-7.4921,108.174
6.5,13-12-2017 18:03,1,5,green,1,651,mww,17,-54.2189,2.1628
7,19-11-2017 22:43,4,6,green,1,771,mww,10,-21.3246,168.671
6.6,19-11-2017 15:09,4,5,green,1,676,mww,13,-21.5027,168.598
6.5,13-11-2017 02:28,8,8,yellow,1,1153,mww,19.36,9.5147,-84.4865
7.3,12-11-2017 18:18,8,9,red,0,2790,mww,19,34.9109,45.9592
6.5,07-11-2017 21:26,6,5,green,1,661,mww,110.57,-4.2433,143.485
6.8,04-11-2017 09:00,5,5,green,1,727,mww,10,-15.3197,-173.168
6.6,01-11-2017 02:23,3,5,green,1,674,mww,22,-21.6484,168.859
6.7,31-10-2017 00:42,3,4,green,1,691,mww,24,-21.6971,169.148
6.7,24-10-2017 10:47,3,3,green,0,694,mww,553.81,-7.2168,123.074
6.5,08-10-2017 22:34,3,5,green,1,651,mww,119,52.3909,176.769
7.1,19-09-2017 18:14,9,8,,0,1686,mww,48,18.5499,-98.4887
8.2,08-09-2017 04:49,9,7,red,1,2910,mww,47.39,15.0222,-93.8993
6.5,08-08-2017 13:19,5,7,yellow,0,707,mww,9,33.1926,103.855
6.6,20-07-2017 22:31,7,7,yellow,0,1064,mww,7,36.9293,27.4139
7.7,17-07-2017 23:34,8,7,green,1,918,mww,10,54.4434,168.857
6.6,11-07-2017 07:00,5,4,green,1,704,mww,10,-49.4837,164.016
6.5,06-07-2017 08:03,9,8,yellow,1,740,mww,9,11.1269,124.629
6.8,22-06-2017 12:31,6,6,yellow,1,1034,mww,38.12,13.7174,-90.9718
6.9,14-06-2017 07:29,8,6,yellow,1,1188,mww,93,14.9091,-92.0092
6.8,02-06-2017 22:24,0,4,green,1,711,mww,5,54.0312,170.92
6.6,29-05-2017 14:35,7,7,green,0,678,mww,12,-1.2923,120.431
6.5,10-05-2017 23:23,0,4,green,1,650,mww,15,-56.414,-25.7432
6.8,09-05-2017 13:52,6,5,green,1,713,mww,169,-14.5884,167.377
6.9,28-04-2017 20:23,9,6,green,1,814,mww,26,5.5043,125.066
6.9,24-04-2017 21:38,9,7,yellow,1,1642,mww,28,-33.0375,-72.0617
6.5,03-04-2017 17:40,7,8,green,0,1297,mww,29,-22.6784,25.1558
6.6,29-03-2017 04:09,6,7,yellow,1,671,mww,17,56.9401,162.786
6.9,24-02-2017 17:28,2,3,green,1,733,mww,414.5,-23.2593,-178.804
6.5,21-02-2017 14:09,3,3,green,0,653,mww,595.98,-19.2814,-63.9047
6.5,10-02-2017 14:03,8,7,yellow,1,718,mww,15,9.9071,125.452
7.9,22-01-2017 04:30,9,7,yellow,1,987,mww,135,-6.2464,155.172
6.5,19-01-2017 23:04,6,6,green,1,654,mww,36,-10.3506,161.335
7.3,10-01-2017 06:13,6,3,green,1,849,mww,627.17,4.4782,122.617
6.9,03-01-2017 21:52,6,4,green,1,742,mww,12,-19.3733,176.052
7.6,25-12-2016 14:22,9,8,yellow,1,1152,mww,38,-43.4064,-73.9413
6.7,21-12-2016 00:17,5,5,green,0,726,mww,152,-7.5082,127.921
7.9,17-12-2016 10:51,9,7,yellow,1,972,mww,94.54,-4.5049,153.522
6.9,09-12-2016 19:10,8,6,green,1,737,mww,19.73,-10.749,161.132
6.5,08-12-2016 21:56,0,5,green,0,650,mww,12.26,-10.8416,161.314
7.8,08-12-2016 17:38,9,8,green,1,961,mww,40,-10.6812,161.327
6.6,08-12-2016 14:49,5,4,green,1,1120,mww,8.45,40.4535,-126.194
6.5,06-12-2016 22:03,9,8,yellow,0,731,mww,13,5.2834,96.1678
6.6,25-11-2016 14:24,8,7,green,0,693,mww,17,39.2732,73.9776
6.9,24-11-2016 18:43,5,4,green,1,855,mww,10,11.9097,-88.8968
6.9,21-11-2016 20:59,9,6,green,1,1144,mww,9,37.3931,141.387
6.5,14-11-2016 00:34,7,7,yellow,1,664,mww,9,-42.6058,173.254
6.5,13-11-2016 11:32,6,7,yellow,1,656,mww,10,-42.3205,173.669
7.8,13-11-2016 11:02,9,9,orange,1,1545,mww,15.11,-42.7373,173.054
6.6,30-10-2016 06:40,9,8,red,0,2840,mww,8,42.8621,13.0961
6.6,19-10-2016 00:26,3,3,green,0,677,mww,614,-4.8626,108.163
6.8,17-10-2016 06:14,3,6,green,1,716,mww,42,-6.0033,148.887
6.9,24-09-2016 21:28,2,3,green,1,733,mww,596.4,-19.7819,-178.244
7,01-09-2016 16:37,5,6,green,1,897,mww,19,-37.3586,179.146
6.8,31-08-2016 03:11,4,3,green,1,713,mww,476,-3.6849,152.792
6.8,24-08-2016 10:34,6,6,yellow,0,981,mww,82,20.9228,94.569
7.2,12-08-2016 01:26,6,5,green,1,799,mww,16.37,-22.4765,173.117
7.7,29-07-2016 21:18,5,6,green,1,971,mww,196,18.5429,145.507
6.6,01-06-2016 22:56,4,6,green,0,671,mww,50,-2.0967,100.665
7.2,28-05-2016 09:46,1,6,green,1,798,mww,78,-56.2409,-26.9353
6.9,28-05-2016 05:38,3,3,green,1,733,mww,405.69,-21.9724,-178.204
6.9,18-05-2016 16:46,8,7,green,1,780,mww,29.95,0.4947,-79.616
6.7,18-05-2016 07:57,5,7,green,1,744,mww,16,0.4261,-79.7899
7,28-04-2016 19:33,7,7,green,1,755,mww,24,-16.0429,167.379
7.8,16-04-2016 23:58,9,9,orange,1,1163,mww,20.59,0.3819,-79.9218
7,15-04-2016 16:25,9,9,red,1,2074,mww,10,32.7906,130.754
6.9,13-04-2016 13:55,6,6,yellow,0,903,mww,136,23.0944,94.8654
6.6,10-04-2016 10:28,6,4,green,0,738,mww,212,36.4725,71.1311
6.7,07-04-2016 03:32,7,5,green,1,692,mww,27.59,-13.9805,166.594
6.7,06-04-2016 06:58,7,6,green,1,691,mww,24,-14.0683,166.624
6.9,03-04-2016 08:23,7,6,green,1,734,mww,26,-14.3235,166.855
7.8,02-03-2016 12:49,4,3,green,0,948,mww,24,-4.9521,94.3299
7.2,30-01-2016 03:25,3,7,green,1,799,mww,177,53.9776,158.546
7.1,24-01-2016 10:30,7,7,green,1,1496,mw,125.6,59.6204,-153.339
6.6,21-01-2016 18:06,3,4,green,1,673,mww,10,18.8239,-106.934
6.7,14-01-2016 03:25,5,6,green,1,717,mww,46,41.9723,142.781
6.5,11-01-2016 16:38,3,6,green,1,651,mww,13,3.8965,126.862
6.7,03-01-2016 23:05,8,7,orange,0,1515,mww,55,24.8036,93.6505
6.6,17-12-2015 19:49,8,6,green,1,765,mww,85,15.8015,-93.633
6.9,09-12-2015 10:21,8,5,green,0,738,mww,21,-4.1064,129.508
7.2,07-12-2015 07:50,4,7,green,0,827,mww,22,38.2107,72.7797
6.7,26-11-2015 05:45,2,3,green,0,691,mww,602.75,-9.1825,-71.2574
7.6,24-11-2015 22:50,5,4,green,0,896,mww,620.56,-10.0598,-71.0184
7.6,24-11-2015 22:45,6,5,green,1,957,mww,606.21,-10.5372,-70.9437
6.8,18-11-2015 18:31,5,6,green,1,715,mww,12.59,-8.8994,158.422
6.5,17-11-2015 07:10,7,7,orange,0,1018,mww,11,38.67,20.6
6.7,13-11-2015 20:51,5,4,green,0,702,mww,12,31.0009,128.873
6.9,11-11-2015 02:46,5,6,green,0,744,mww,10,-29.5097,-72.0585
6.9,11-11-2015 01:54,6,6,green,1,761,mww,12,-29.5067,-72.0068
6.6,08-11-2015 16:47,7,4,green,0,675,mww,10,6.8431,94.648
6.8,07-11-2015 07:31,7,7,green,1,841,mww,46,-30.8796,-71.4519
6.5,04-11-2015 03:44,5,7,green,0,657,mww,20,-8.3381,124.875
7.5,26-10-2015 09:09,8,7,orange,0,1448,mww,231,36.5244,70.3676
7.1,20-10-2015 21:52,6,6,green,1,780,mww,135,-14.8595,167.303
6.6,24-09-2015 15:53,7,7,green,0,671,mww,18,-0.6212,131.262
6.6,21-09-2015 17:40,5,7,green,1,820,mww,35,-31.7275,-71.3792
6.7,17-09-2015 04:10,5,7,green,0,718,mww,23,-31.5173,-71.804
6.5,17-09-2015 03:55,6,7,green,0,657,mww,27,-31.4244,-71.6876
7,16-09-2015 23:18,8,7,green,0,799,mww,28.41,-31.5622,-71.4262
8.3,16-09-2015 22:54,9,8,orange,1,1960,mww,22.44,-31.5729,-71.6744
6.7,13-09-2015 08:14,5,5,green,1,708,mww,10,24.913,-109.623
6.5,12-08-2015 18:49,0,5,green,1,650,mww,6.43,-9.3293,157.877
6.6,10-08-2015 04:12,3,5,green,1,671,mww,22,-9.3438,158.053
7,27-07-2015 21:41,9,7,green,1,762,mww,48,-2.6286,138.528
6.9,27-07-2015 04:49,4,7,green,1,734,mww,29,52.376,-169.446
7,18-07-2015 02:27,8,6,green,1,759,mww,11,-10.4012,165.141
6.5,16-07-2015 15:16,4,4,green,1,686,mww,20,13.8672,-58.5479
6.7,10-07-2015 04:12,4,5,green,1,691,mww,12,-9.307,158.403
6.5,23-06-2015 12:18,3,4,green,0,652,mww,460,27.7375,139.725
7.8,30-05-2015 11:23,6,3,green,1,1151,mww,664,27.8386,140.493
6.8,29-05-2015 07:00,5,6,green,1,762,mw,72.6,56.594,-156.43
6.8,22-05-2015 23:59,1,5,green,1,711,mww,10,-11.1093,163.215
6.9,22-05-2015 21:45,1,4,green,1,732,mww,11.19,-11.0559,163.696
6.8,20-05-2015 22:48,1,4,green,1,711,mww,11,-10.8759,164.169
6.8,12-05-2015 21:12,8,6,green,1,831,mww,35,38.9056,142.032
7.3,12-05-2015 07:05,8,7,orange,0,1563,mww,15,27.8087,86.0655
7.1,07-05-2015 07:10,1,6,green,1,776,mww,10,-7.2175,154.557
7.5,05-05-2015 01:44,7,8,green,1,869,mww,55,-5.4624,151.875
6.8,01-05-2015 08:06,5,6,green,1,714,mww,44,-5.2005,151.777
6.7,30-04-2015 10:45,5,6,green,1,692,mww,31,-5.375,151.771
6.7,26-04-2015 07:09,7,7,yellow,0,1016,mww,22.91,27.7711,86.0173
6.6,25-04-2015 06:45,8,7,yellow,0,733,mww,10,28.2244,84.8216
7.8,25-04-2015 06:11,8,9,red,0,2820,mww,8.22,28.2305,84.7314
6.5,17-04-2015 15:52,0,5,green,1,650,mww,10,-15.8815,-178.6
6.5,30-03-2015 08:48,2,5,green,1,650,mww,11,-15.4994,-173.029
7.5,29-03-2015 23:48,6,7,green,1,872,mww,41,-4.7294,152.562
7,27-02-2015 13:45,4,6,green,0,760,mww,552.06,-7.2968,122.535
6.7,16-02-2015 23:06,5,5,green,1,714,mww,23,39.8558,142.881
6.7,11-02-2015 18:57,4,6,green,1,700,mww,223,-23.1125,-66.688
6.8,23-01-2015 03:47,1,4,green,1,711,mww,219.96,-17.0309,168.52
6.5,07-01-2015 05:07,1,4,green,1,650,mww,8,5.9045,-82.6576
6.6,08-12-2014 08:54,7,6,green,1,709,mww,20,7.9401,-82.6865
6.6,07-12-2014 01:22,1,5,green,1,670,mww,23,-6.5108,154.46
6.6,02-12-2014 05:11,1,3,green,0,670,mww,614,6.1572,123.126
6.8,26-11-2014 14:33,6,5,green,1,713,mww,39,1.9604,126.575
6.5,21-11-2014 10:10,5,5,green,1,652,mww,35,2.2999,127.056
6.7,16-11-2014 22:33,7,4,green,1,698,mww,22,-37.6478,179.662
7.1,15-11-2014 02:31,4,6,green,1,779,mww,45,1.8929,126.522
6.6,07-11-2014 03:33,2,6,green,1,671,mww,53.19,-5.9873,148.232
7.1,01-11-2014 18:57,3,6,green,1,776,mww,434,-19.6903,-177.759
7.3,14-10-2014 03:51,8,6,yellow,1,982,mww,40,12.5262,-88.1225
6.7,17-09-2014 06:14,5,5,green,1,724,mww,130,13.7641,144.429
6.8,24-08-2014 23:21,6,6,green,1,741,mww,101,-14.598,-73.5714
6.9,03-08-2014 00:22,0,4,green,1,732,mww,13,0.8295,146.169
6.9,21-07-2014 14:54,0,6,green,1,732,mww,615.42,-19.8015,-178.4
6.5,11-07-2014 19:22,5,4,green,1,706,mww,20,37.0052,142.452
6.9,07-07-2014 11:23,8,7,orange,1,1079,mww,53,14.724,-92.4614
6.5,04-07-2014 15:00,0,4,green,1,650,mww,20,-6.2304,152.807
6.7,29-06-2014 17:15,0,5,green,1,691,mww,18,-14.9831,-175.51
6.9,29-06-2014 07:52,0,5,green,1,732,mww,8,-55.4703,-28.3669
7.9,23-06-2014 20:53,6,8,green,1,963,mww,109,51.8486,178.735
6.7,23-06-2014 20:06,0,5,green,0,691,mwc,26.59,-29.9414,-177.607
6.5,23-06-2014 19:21,0,5,green,0,650,mwc,10,-29.9379,-177.516
6.9,23-06-2014 19:19,0,5,green,1,732,mww,20,-29.9772,-177.725
6.9,24-05-2014 09:25,9,7,green,0,951,mww,6.43,40.2893,25.3889
6.5,13-05-2014 06:35,7,5,green,1,694,mww,10,7.2096,-82.3045
6.6,01-05-2014 06:36,0,5,green,1,670,mww,106,-21.4542,170.355
6.5,24-04-2014 03:10,4,6,green,1,838,mww,10,49.6388,-127.732
7.5,19-04-2014 13:28,0,6,green,1,865,mww,43.37,-6.7547,155.024
6.6,19-04-2014 01:04,0,6,green,1,670,mww,29,-6.6558,155.087
7.2,18-04-2014 14:27,8,7,yellow,1,1017,mww,24,17.397,-100.972
6.6,13-04-2014 13:24,0,6,green,0,670,mww,10,-11.1284,162.052
7.4,13-04-2014 12:36,0,6,green,1,842,mww,39,-11.4633,162.051
7.6,12-04-2014 20:14,0,7,green,1,889,mww,22.56,-11.2701,162.148
6.6,11-04-2014 20:29,6,5,green,1,677,mww,135,11.642,-85.8779
6.5,11-04-2014 08:16,0,6,green,1,650,mww,20,-6.7878,154.95
7.1,11-04-2014 07:07,0,7,green,1,776,mww,60.53,-6.5858,155.048
7.7,03-04-2014 02:43,8,9,yellow,1,1057,mww,22.4,-20.5709,-70.4931
6.5,03-04-2014 01:58,7,7,green,0,670,mww,24.07,-20.3113,-70.5756
6.9,01-04-2014 23:57,0,5,green,0,732,mww,28.42,-19.8927,-70.9455
8.2,01-04-2014 23:46,9,8,yellow,1,1332,mww,25,-19.6097,-70.7691
6.7,16-03-2014 21:16,7,7,green,1,718,mww,20,-19.9807,-70.7022
6.8,10-03-2014 05:18,5,5,green,1,1211,mw,16.441,40.8287,-125.134
6.5,02-03-2014 20:11,4,5,green,1,668,mww,119,27.4312,127.367
6.5,18-02-2014 09:27,5,4,green,1,681,mww,14.83,14.6682,-58.9272
6.9,12-02-2014 09:19,3,8,yellow,0,733,mww,10,35.9053,82.5864
6.5,07-02-2014 08:40,0,5,green,1,650,mww,122,-15.0691,167.372
6.5,02-02-2014 09:26,0,3,green,1,650,mww,44.26,-32.9076,-177.881
6.5,01-01-2014 16:03,0,4,green,1,650,mww,187,-13.8633,167.249
6.5,23-11-2013 07:48,3,4,green,0,651,mww,371,-17.1171,-176.545
7.7,17-11-2013 09:04,1,8,green,1,912,mww,10,-60.2738,-46.4011
6.9,16-11-2013 03:34,0,5,green,1,732,mww,9.97,-60.2627,-47.0621
6.6,31-10-2013 23:03,6,7,green,1,723,mww,27,-30.2921,-71.5215
7.1,25-10-2013 17:10,6,4,green,1,872,mww,35,37.1557,144.661
6.6,19-10-2013 17:54,8,5,green,1,692,mww,9.45,26.0913,-110.321
6.8,16-10-2013 10:30,0,6,green,1,711,mww,35,-6.4456,154.931
7.1,15-10-2013 00:12,9,8,orange,1,1092,mww,19.04,9.8796,124.117
6.6,12-10-2013 13:11,5,6,yellow,0,691,mww,40,35.5142,23.2523
6.7,01-10-2013 03:38,0,3,green,0,691,mww,573,53.1995,152.786
6.5,30-09-2013 05:55,0,4,green,1,650,mww,41.54,-30.9255,-178.323
6.8,28-09-2013 07:34,7,7,orange,0,1005,mww,12,27.1825,65.5052
7.1,25-09-2013 16:42,8,7,green,1,843,mww,40,-15.8385,-74.5112
7.7,24-09-2013 11:29,5,8,red,0,2015,mww,15,26.951,65.5009
6.5,04-09-2013 02:32,0,6,green,1,650,mww,20,51.5573,-174.767
6.5,04-09-2013 00:18,5,3,green,0,739,mww,402,29.9377,138.833
6.5,01-09-2013 11:52,4,5,green,0,668,mww,112,-7.44,128.221
7,30-08-2013 16:25,5,6,green,0,758,mww,29,51.537,-175.23
6.5,16-08-2013 02:31,9,7,yellow,1,690,mww,8.2,-41.734,174.152
6.7,13-08-2013 15:43,4,5,green,1,715,mww,12,5.7732,-78.1999
6.5,21-07-2013 05:09,6,7,yellow,1,693,mww,17,-41.704,174.337
7.3,15-07-2013 14:03,0,6,green,1,820,mww,11,-60.857,-25.07
6.6,07-07-2013 20:30,4,6,green,0,674,mww,56,-6.029,149.706
7.3,07-07-2013 18:35,0,4,green,1,820,mww,385.5,-3.917,153.927
6.6,24-06-2013 22:04,0,7,green,1,670,mww,10,10.701,-42.594
6.5,15-06-2013 17:34,5,6,green,1,679,mww,30,11.763,-86.926
6.7,13-06-2013 16:47,5,4,green,0,710,mww,9,-10.004,107.236
6.7,24-05-2013 14:56,0,3,green,1,691,mwb,624,52.235,151.444
8.3,24-05-2013 05:44,5,5,green,1,1115,mww,598.1,54.892,153.221
7.4,23-05-2013 17:19,0,6,green,1,842,mww,173.7,-23.009,-177.232
6.8,14-05-2013 00:32,0,3,green,0,711,mww,602.2,18.728,145.288
6.5,23-04-2013 23:14,0,6,green,1,650,mww,10,-3.898,152.127
6.6,20-04-2013 00:02,8,8,red,0,2083,mww,14,30.308,102.888
7.2,19-04-2013 03:05,5,7,green,1,804,mww,110,46.221,150.788
6.6,16-04-2013 22:55,7,7,green,1,672,mww,13,-3.214,142.542
7.7,16-04-2013 10:44,8,8,yellow,0,1421,mww,80,28.033,61.996
6.6,14-04-2013 01:32,0,5,green,1,670,mww,31,-6.475,154.607
7,06-04-2013 04:42,3,7,green,1,755,mww,66,-3.517,138.476
6.5,10-03-2013 22:51,0,6,green,1,650,mww,28,-6.598,148.174
6.5,01-03-2013 13:20,3,6,green,0,651,mww,29,50.958,157.408
6.9,28-02-2013 14:05,5,6,green,1,736,mww,41,50.954,157.283
6.6,14-02-2013 13:13,0,7,green,1,670,mww,11,67.631,142.508
6.6,09-02-2013 21:02,0,6,green,1,670,mww,18,-10.994,165.741
6.9,09-02-2013 14:16,5,5,green,1,904,mww,145,1.135,-77.393
7.1,08-02-2013 15:26,9,6,green,1,780,mww,21,-10.928,166.018
6.8,08-02-2013 11:12,0,7,green,1,711,mww,12,-10.838,165.969
6.7,07-02-2013 18:59,0,6,green,1,691,mww,11,-10.997,165.655
7,06-02-2013 01:54,0,6,green,0,754,mww,8.8,-10.499,165.588
7.1,06-02-2013 01:23,0,5,green,0,776,mww,10,-11.183,164.882
8,06-02-2013 01:12,8,7,green,1,993,mww,24,-10.799,165.114
6.9,02-02-2013 14:17,6,7,yellow,0,814,mww,107,42.77,143.092
6.8,30-01-2013 20:15,6,7,green,0,771,mww,45,-28.094,-70.653
7.5,05-01-2013 08:58,6,6,,0,1425,mw,8.7,55.228,-134.859
6.7,21-12-2012 22:28,0,4,,0,691,mww,200.7,-14.344,167.286
7.1,10-12-2012 16:53,5,5,,0,843,mww,155,-6.533,129.825
7.3,07-12-2012 08:18,6,5,,0,1014,mww,31,37.89,143.949
6.5,11-11-2012 22:14,4,5,,0,708,mww,20,14.129,-92.164
6.8,11-11-2012 01:12,7,6,,0,795,mww,13.7,23.005,95.885
7.4,07-11-2012 16:35,8,7,yellow,0,1455,mww,24,13.988,-91.895
7.8,28-10-2012 03:04,8,7,,0,1726,mww,14,52.788,-132.101
6.5,24-10-2012 00:45,6,6,,0,745,mww,17,10.086,-85.298
6.6,12-10-2012 00:31,3,5,,0,675,mww,13,-4.892,134.03
7.3,30-09-2012 16:31,7,6,,0,1221,mww,170,1.929,-76.362
7.6,05-09-2012 14:42,8,7,,0,1555,mww,35,10.085,-85.315
7.6,31-08-2012 12:47,8,5,,0,1115,mww,28,10.811,126.638
7.3,27-08-2012 04:37,5,5,,0,994,mww,28,12.139,-88.59
6.6,26-08-2012 15:05,4,5,,0,678,mww,91.1,2.19,126.837
7.7,14-08-2012 02:59,7,4,,0,941,mww,583.2,49.8,145.064
6.5,28-07-2012 20:03,5,6,,0,653,mww,41,-4.651,153.173
6.6,28-04-2012 10:08,4,5,,0,675,mww,134.7,-18.685,-174.705
6.7,21-04-2012 01:16,0,7,,0,691,mww,16,-1.617,134.276
6.8,17-04-2012 07:13,6,5,,0,732,mww,198,-5.462,147.117
6.7,17-04-2012 03:50,0,7,,0,691,mww,29,-32.625,-71.365
7,12-04-2012 07:15,7,7,,0,1000,mww,13,28.696,-113.104
6.5,11-04-2012 22:55,7,6,,0,1171,mwb,20,18.229,-102.689
8.2,11-04-2012 10:43,9,6,green,0,1213,mwc,25.1,0.802,92.463
8.6,11-04-2012 08:38,9,7,yellow,0,2048,mw,20,2.327,93.063
7.1,25-03-2012 22:37,7,7,,0,1496,mww,40.7,-35.2,-72.217
6.6,21-03-2012 22:15,6,6,,0,709,mww,118,-6.242,145.955
7.4,20-03-2012 18:02,9,8,,0,1752,mww,20,16.493,-98.231
6.7,26-02-2012 06:17,7,7,,0,833,mww,12,51.708,95.991
6.7,06-02-2012 03:49,9,7,,0,1551,mww,11,9.999,123.206
7.1,02-02-2012 13:34,5,5,,0,793,mww,23,-17.827,167.133
7.2,10-01-2012 18:36,4,4,,0,838,mww,19,2.433,93.21
6.6,27-12-2011 15:21,0,7,,0,670,mww,15,51.842,95.911
7.1,14-12-2011 05:04,6,6,,0,834,mww,135,-7.551,146.809
6.5,11-12-2011 01:47,8,7,,0,1400,mww,59,17.986,-99.789
6.9,28-10-2011 18:54,6,7,,0,847,mww,24,-14.438,-75.966
7.1,23-10-2011 10:41,9,9,,0,1096,mww,18,38.721,43.508
6.5,14-10-2011 03:35,3,6,,0,655,mww,37,-6.57,147.881
6.9,18-09-2011 12:40,8,8,,0,1562,mww,50,27.73,88.155
6.7,16-09-2011 19:26,5,5,,0,712,mwc,30,40.273,142.779
6.7,05-09-2011 17:55,5,6,,0,915,mww,91,2.965,97.893
7,03-09-2011 22:55,7,5,,0,761,mww,185.1,-20.671,169.716
7,24-08-2011 17:46,6,6,,0,913,mww,147,-7.641,-74.525
7.1,20-08-2011 18:19,5,6,,0,787,mww,28,-18.311,168.218
6.5,20-08-2011 17:13,0,5,,0,650,mwc,35,-18.308,168.156
7.2,20-08-2011 16:55,8,6,,0,813,mww,32,-18.365,168.143
6.6,31-07-2011 23:38,3,6,,0,674,mww,10,-3.518,144.828
7.6,06-07-2011 19:03,3,7,,0,893,mww,17,-29.539,-176.34
6.7,22-06-2011 21:50,6,6,,0,749,mww,33,39.955,142.205
6.8,10-05-2011 08:55,4,5,,0,734,mww,11,-20.244,168.226
6.8,23-04-2011 04:16,5,6,,0,719,mww,79,-10.375,161.2
6.6,11-04-2011 08:16,7,7,,0,822,mww,11,37.001,140.401
7.1,07-04-2011 14:32,8,8,,0,1114,mww,42,38.276,141.588
6.6,07-04-2011 13:11,7,6,,0,897,mww,166.2,17.208,-94.338
6.9,24-03-2011 13:55,7,9,,0,1154,mww,8,20.687,99.822
6.6,11-03-2011 11:36,6,5,,0,673,ms,25.7,39.241,142.463
6.5,11-03-2011 08:19,0,4,,0,650,mb,6.8,36.166,141.562
7.7,11-03-2011 06:25,7,4,,0,931,mwc,18.6,38.058,144.59
7.9,11-03-2011 06:15,8,7,,0,1140,mwc,42.6,36.281,141.111
9.1,11-03-2011 05:46,9,8,,0,2184,mww,29,38.297,142.373
7.3,09-03-2011 02:45,5,5,,0,972,mww,32,38.435,142.842
6.7,14-02-2011 03:40,5,6,,0,731,mww,21,-35.38,-72.834
6.9,11-02-2011 20:05,7,7,,0,988,mww,26,-36.422,-72.96
7.2,18-01-2011 20:23,7,7,,0,1449,mww,68,28.777,63.951
7,13-01-2011 16:16,2,5,,0,755,mww,9,-20.628,168.471
7.2,02-01-2011 20:20,8,7,,0,1054,mww,24,-38.355,-73.326
7.3,25-12-2010 13:16,0,5,,0,820,mwc,16,-19.702,167.947
6.7,20-12-2010 18:41,3,7,,0,708,mwc,12,28.412,59.18
6.6,02-12-2010 03:12,0,6,,0,670,mwb,33,-6.001,149.977
7.8,25-10-2010 14:42,4,7,,0,946,mwc,20.1,-3.487,100.082
6.7,21-10-2010 17:53,5,5,,0,776,mwc,13,24.696,-109.156
7,29-09-2010 17:11,8,5,,0,772,mwc,26,-4.963,133.76
7,03-09-2010 16:35,8,8,,0,1245,mwc,12,-43.522,171.83
7.1,12-08-2010 11:54,6,5,,0,945,mwc,206.7,-1.266,-77.306
7.3,10-08-2010 05:23,7,7,,0,850,mwc,25,-17.541,168.069
7,04-08-2010 22:01,4,6,,0,757,mww,44,-5.746,150.765
6.5,04-08-2010 07:15,5,4,,0,659,mwc,220,-5.486,146.822
7.6,23-07-2010 22:51,5,3,,0,902,mwc,578,6.497,123.48
7.3,18-07-2010 13:34,8,7,,0,831,mwc,35,-5.931,150.59
6.9,18-07-2010 13:04,4,7,,0,737,mwc,28,-5.966,150.428
6.6,14-07-2010 08:32,6,7,,0,753,mwc,22,-38.067,-73.31
6.7,26-06-2010 05:30,5,6,,0,696,mwc,35,-10.627,161.447
6.6,16-06-2010 03:58,0,7,,0,670,mwc,10.5,-2.329,136.484
7,16-06-2010 03:16,3,7,,0,755,mwc,18,-2.174,136.543
7.5,12-06-2010 19:26,6,5,,0,1144,mwc,35,7.881,91.936
7.2,27-05-2010 17:14,5,6,,0,804,mwc,31,-13.698,166.643
7.2,09-05-2010 05:59,5,6,,0,918,mwc,38,3.748,96.018
6.9,13-04-2010 23:49,6,9,,0,773,mwc,17,33.165,96.548
6.9,11-04-2010 09:40,4,5,,0,740,mwc,21,-10.878,161.116
7.8,06-04-2010 22:15,0,7,,0,936,mwc,31,2.383,97.048
7.2,04-04-2010 22:40,9,9,red,0,2910,mw,9.987,32.2862,-115.295
6.6,30-03-2010 16:54,5,6,,0,701,mwc,34,13.667,92.831
6.7,16-03-2010 02:21,5,6,,0,856,mwc,18,-36.217,-73.257
6.5,14-03-2010 08:08,6,5,,0,810,mwc,32,37.745,141.59
7,11-03-2010 14:55,7,7,,0,874,mwc,18,-34.326,-71.799
6.9,11-03-2010 14:39,7,7,,0,1280,mwc,11,-34.29,-71.891
6.8,05-03-2010 16:07,4,6,,0,717,mwc,26,-3.762,100.991
6.6,05-03-2010 11:47,7,7,,0,736,mwb,18,-36.665,-73.374
6.5,04-03-2010 14:02,0,4,,0,650,mwb,176,-13.571,167.227
7.4,27-02-2010 08:01,0,5,,0,842,mwc,35,-37.773,-75.048
8.8,27-02-2010 06:34,8,8,,0,1991,mww,22.9,-36.122,-72.898
7,26-02-2010 20:31,6,6,,0,1180,mwc,25,25.93,128.425
7,12-01-2010 21:53,9,9,,0,1623,mwc,13,18.443,-72.571
6.5,10-01-2010 00:27,7,7,,0,1360,mw,28.737,40.652,-124.692
6.8,05-01-2010 12:15,3,6,,0,713,mwc,15.4,-9.019,157.551
7.1,03-01-2010 22:36,5,7,,0,780,mwc,10,-8.783,157.354
6.6,03-01-2010 21:48,5,7,,0,672,mwc,10,-8.726,157.487
6.5,13-11-2009 03:05,6,7,,0,698,mwc,27,-19.394,-70.321
7.3,09-11-2009 10:44,0,4,,0,820,mwc,595,-17.239,178.331
6.6,08-11-2009 19:41,7,6,,0,677,mwc,18,-8.207,118.631
6.8,30-10-2009 07:03,0,6,,0,711,mwc,34,29.218,129.782
6.9,24-10-2009 14:40,4,6,,0,972,mwc,130,-6.133,130.385
6.8,08-10-2009 08:28,0,5,,0,711,mwc,35,-13.298,165.91
7.4,07-10-2009 23:13,0,7,,0,842,mwc,31.1,-13.093,166.497
7.8,07-10-2009 22:18,0,6,,0,936,mwc,35,-12.517,166.382
7.7,07-10-2009 22:03,4,7,,0,916,mww,45,-13.006,166.51
6.6,01-10-2009 01:52,7,7,,0,787,mwc,9,-2.482,101.524
7.6,30-09-2009 10:16,8,8,,0,1639,mwc,81,-0.72,99.867
8.1,29-09-2009 17:48,7,6,,0,1055,mwc,18,-15.489,-172.095
7,02-09-2009 07:55,7,7,,0,1175,mwc,46,-7.782,107.297
6.7,16-08-2009 07:38,5,6,,0,753,mwc,20,-1.479,99.49
6.6,12-08-2009 22:48,4,5,,0,703,mwc,53,32.821,140.395
7.5,10-08-2009 19:55,7,6,,0,1248,mwc,24,14.099,92.902
7.1,09-08-2009 10:55,5,4,,0,1005,mwc,292,33.167,137.944
6.9,03-08-2009 17:59,5,7,,0,1202,mwc,10,29.039,-112.903
7.8,15-07-2009 09:22,6,8,,0,1165,mwc,12,-45.762,166.562
6.7,23-06-2009 14:19,5,5,,0,693,mwc,64,-5.157,153.782
7.3,28-05-2009 08:24,7,8,,0,1560,mwc,19,16.731,-86.217
7.6,19-03-2009 18:17,7,5,,0,916,mwc,31,-23.043,-174.66
7.2,11-02-2009 17:34,3,7,,0,802,mwc,20,3.886,126.387
7.4,03-01-2009 22:33,7,7,,0,846,mwc,23,-0.691,133.305
6.6,03-01-2009 20:23,5,4,,0,765,mwc,204.8,36.419,70.743
7.7,03-01-2009 19:43,5,7,,0,918,mwc,17,-0.414,132.885
7.4,16-11-2008 17:02,9,7,,0,848,mww,30,1.271,122.091
6.7,16-10-2008 19:41,5,6,,0,731,mwc,24,14.423,-92.364
6.7,05-10-2008 15:52,0,6,,0,691,mwc,27.4,39.533,73.824
6.8,11-09-2008 00:20,0,6,,0,711,mwc,25,41.892,143.754
6.6,11-09-2008 00:00,0,6,,0,670,mwc,96,1.885,127.363
6.9,08-09-2008 18:52,0,6,,0,732,mwc,110,-13.501,166.967
6.7,25-08-2008 13:21,4,7,,0,692,mwc,12,30.901,83.52
6.8,23-07-2008 15:26,8,7,,0,1046,mwc,108,39.802,141.464
7,19-07-2008 02:39,5,5,,0,840,mwc,22,37.552,142.214
6.9,19-07-2008 02:39,5,5,,0,825,mww,25.5,37.55,142.714
6.6,27-06-2008 11:40,4,5,,0,680,mwc,17,11.005,91.824
6.9,13-06-2008 23:43,7,8,,0,888,mwc,7.8,39.03,140.881
7.9,12-05-2008 06:28,9,9,,0,1870,mwc,19,31.002,103.322
6.9,07-05-2008 16:45,5,5,,0,910,mwc,27,36.164,141.526
7.3,09-04-2008 12:46,0,6,,0,820,mwc,33,-20.071,168.892
7.2,20-03-2008 22:32,0,7,,0,798,mwc,10,35.49,81.467
6.9,03-03-2008 14:11,4,5,,0,740,mwc,24,13.351,125.63
6.7,25-02-2008 21:02,5,6,,0,696,mwc,25,-2.245,99.808
6.6,25-02-2008 18:06,4,6,,0,674,mwc,25,-2.332,99.891
7.2,25-02-2008 08:36,4,7,,0,832,mwc,25,-2.486,99.972
6.5,24-02-2008 14:46,4,6,,0,654,mwc,22,-2.405,99.931
7.4,20-02-2008 08:08,5,7,,0,914,mwc,26,2.768,95.964
6.5,14-02-2008 12:08,8,5,,0,692,mwc,28,36.345,21.863
6.9,14-02-2008 10:09,6,6,,0,941,mwc,29,36.501,21.67
6.5,12-02-2008 12:50,7,6,,0,723,mwc,83,16.357,-94.304
6.6,20-12-2007 07:55,7,6,,0,808,mwc,20,-39.011,178.291
6.7,16-12-2007 08:09,5,7,,0,704,mwb,45,-22.954,-70.182
7.4,29-11-2007 19:00,7,7,,0,1542,mwb,156,14.944,-61.274
6.6,27-11-2007 11:49,3,6,,0,672,mwc,16,-10.95,162.149
6.5,25-11-2007 19:53,5,7,,0,653,mwc,18,-8.224,118.467
6.5,25-11-2007 16:02,7,7,,0,657,mwc,20,-8.292,118.37
6.8,22-11-2007 08:48,6,6,,0,722,mwc,53,-5.757,147.098
6.8,16-11-2007 03:13,7,6,,0,790,mwc,122.9,-2.312,-77.838
6.8,15-11-2007 15:05,6,7,,0,716,mwc,26,-22.925,-70.237
7.7,14-11-2007 15:40,8,7,,0,995,mwc,40,-22.247,-69.89
6.8,24-10-2007 21:02,3,5,,0,713,mwc,21,-3.899,101.02
6.8,15-10-2007 12:29,4,7,,0,744,mwc,18,-44.796,167.553
6.8,26-09-2007 12:36,4,5,,0,713,mwc,40,-4.99,153.5
6.7,20-09-2007 08:31,3,5,,0,696,mwc,30,-1.999,100.141
7,13-09-2007 03:35,4,7,,0,768,mwc,22,-2.13,99.627
6.5,13-09-2007 02:30,0,5,,0,650,mwc,28.9,-1.689,99.668
7.9,12-09-2007 23:49,8,7,,0,1133,mwc,35,-2.625,100.841
7.8,12-09-2007 23:49,7,8,,0,1152,mww,40.5,-2.52,100.139
8.4,12-09-2007 11:10,0,6,,0,1086,mww,34,-4.438,101.367
6.8,10-09-2007 01:49,5,6,,0,747,mwc,15,2.966,-77.963
7.2,02-09-2007 01:05,0,5,,0,798,mwc,35,-11.61,165.762
6.5,16-08-2007 08:39,5,6,,0,675,mwc,15,-9.834,159.465
8,15-08-2007 23:40,9,8,,0,1385,mwc,39,-13.386,-76.603
7.5,08-08-2007 17:05,0,5,,0,865,mwc,280,-5.859,107.419
7.2,01-08-2007 17:08,7,7,,0,803,mwb,120,-15.595,167.68
6.9,26-07-2007 05:40,3,5,,0,734,mwb,25,2.872,127.464
6.8,16-07-2007 14:17,5,4,,0,779,mwb,350.4,36.808,134.85
6.6,16-07-2007 01:13,8,8,,0,831,mwc,12,37.535,138.446
6.7,13-06-2007 19:29,6,6,,0,972,mwc,23,13.554,-90.618
6.9,01-04-2007 21:11,0,7,,0,732,mwc,10,-7.306,155.741
6.6,01-04-2007 20:47,0,7,,0,670,mb,10,-7.169,155.777
8.1,01-04-2007 20:39,9,8,,0,1025,mwc,24,-8.466,157.043
6.7,25-03-2007 00:41,7,8,,0,782,mwc,8,37.336,136.588
7.1,25-03-2007 00:40,3,6,,0,779,mwb,34,-20.617,169.357
6.7,20-02-2007 08:04,0,6,,0,691,mwc,12,-1.034,126.976
7.5,21-01-2007 11:27,6,5,,0,874,mwc,22,1.065,126.282
8.1,13-01-2007 04:23,4,5,,0,1034,mwc,10,46.243,154.524
6.9,26-12-2006 12:34,6,7,,0,798,mwc,10,21.974,120.493
7.1,26-12-2006 12:26,8,7,,0,1023,mwb,10,21.799,120.547
8.3,15-11-2006 11:14,4,7,,0,1064,mwc,10,46.592,153.266
6.6,07-11-2006 17:38,0,6,,0,670,mwc,11,-6.482,151.195
6.7,20-10-2006 10:48,5,6,,0,732,mwc,23,-13.457,-76.677
6.7,17-10-2006 01:25,5,6,,0,692,mwc,32,-5.881,150.982
6.7,15-10-2006 17:07,8,9,,0,1481,md,38.182,19.877,-155.935
6.9,28-09-2006 06:22,3,3,,0,737,mwc,28,-16.592,-172.033
6.8,01-09-2006 10:18,0,6,,0,711,mwb,38,-6.759,155.512
6.5,24-08-2006 21:50,0,6,,0,650,mwb,43,51.148,157.522
6.8,07-08-2006 22:18,5,5,,0,713,mwb,150,-15.798,167.789
7.7,17-07-2006 08:19,7,5,,0,947,mwc,20,-9.284,107.419
6.5,28-05-2006 03:12,0,6,,0,650,mwc,34,-5.724,151.133
6.6,22-05-2006 11:12,0,7,,0,670,mwc,19,60.772,165.743
6.8,16-05-2006 15:28,4,5,,0,719,mwb,12,0.093,97.05
8,03-05-2006 15:26,7,7,,0,1013,mwc,55,-20.187,-174.123
8,03-05-2006 15:26,8,9,,0,1026,mww,60.5,-19.99,-173.907
6.5,30-04-2006 21:40,7,7,,0,653,mwc,12,-27.211,-71.056
6.7,30-04-2006 19:17,6,7,,0,696,mwb,12,-27.017,-71.022
6.6,29-04-2006 16:58,0,8,,0,670,mwc,11,60.491,167.516
7.6,20-04-2006 23:25,0,8,,0,889,mwc,22,60.949,167.089
6.5,07-04-2006 08:30,3,5,,0,654,mwc,14,-16.527,176.989
6.7,14-03-2006 06:57,0,7,,0,691,mwb,30.1,-3.595,127.214
7,22-02-2006 22:19,5,9,,0,891,mwb,11,-21.324,33.583
6.7,08-01-2006 11:34,7,6,,0,934,mwb,66,36.311,23.212
6.6,04-01-2006 08:32,7,6,,0,703,mwc,14,28.164,-112.117
6.5,12-12-2005 21:47,6,5,,0,721,mwb,224.6,36.357,71.093
6.8,05-12-2005 12:19,5,7,,0,744,mwc,22,-6.224,29.83
6.5,02-12-2005 13:13,4,5,,0,683,mwc,29,38.089,142.122
6.5,19-11-2005 14:10,3,6,,0,651,mwb,21,2.164,96.786
6.8,17-11-2005 19:26,0,6,,0,711,mwb,147,-22.361,-67.895
7.6,08-10-2005 03:50,9,9,,0,1267,mwc,26,34.539,73.588
6.6,29-09-2005 15:50,0,6,,0,670,mwc,25,-5.437,151.84
7.5,26-09-2005 01:55,8,7,,0,1018,mwb,115,-5.678,-76.398
7.6,09-09-2005 07:26,5,7,,0,891,mwc,90,-4.539,153.474
7.2,16-08-2005 02:46,7,7,,0,1104,mwc,36,38.276,142.039
7.2,24-07-2005 15:42,4,5,,0,808,mwc,16,7.92,92.19
6.7,05-07-2005 01:52,3,6,,0,693,mwc,21,1.819,97.082
6.6,02-07-2005 02:16,6,5,,0,719,mwc,27,11.245,-86.172
7.2,15-06-2005 02:50,5,4,,0,1318,mwc,16,41.292,-125.953
7.8,13-06-2005 22:44,8,7,,0,1020,mwb,115.6,-19.987,-69.197
6.9,19-05-2005 01:54,5,7,,0,740,mwc,30,1.989,97.041
6.7,14-05-2005 05:05,6,5,,0,731,mwb,34,0.587,98.459
6.5,10-04-2005 11:14,3,6,,0,657,mwc,30,-1.714,99.779
6.7,10-04-2005 10:29,5,6,,0,717,mwc,19,-1.644,99.607
8.6,28-03-2005 16:09,0,8,,0,1138,mww,30,2.085,97.108
6.6,20-03-2005 01:53,8,7,,0,805,mwc,10,33.807,130.131
7.1,02-03-2005 10:42,0,5,,0,776,mwb,201.7,-6.527,129.933
6.8,26-02-2005 12:56,0,6,,0,711,mwb,36,2.908,95.592
6.5,19-02-2005 00:04,0,7,,0,650,mwb,10,-5.562,122.129
6.5,15-02-2005 14:42,3,5,,0,652,mwc,39.7,4.756,126.421
6.7,08-02-2005 14:48,0,4,,0,691,mwb,206.3,-14.252,167.259
7.1,05-02-2005 12:23,7,3,,0,782,mwc,525,5.293,123.337
6.6,19-01-2005 06:11,6,4,,0,676,mwc,27.8,34.064,141.491
6.6,26-12-2004 09:20,0,5,,0,670,mwc,16.1,8.879,92.375
7.2,26-12-2004 04:21,5,6,,0,802,mwc,39.2,6.91,92.958
9.1,26-12-2004 00:58,0,8,,0,1274,mw,30,3.295,95.982
8.1,23-12-2004 14:59,0,5,,0,1009,mwc,10,-49.312,161.345
6.8,14-12-2004 23:20,5,6,,0,858,mwb,10,18.958,-81.409
6.8,06-12-2004 14:15,4,7,,0,724,mwb,35,42.9,145.228
7,28-11-2004 18:32,4,7,,0,771,mwb,39,43.006,145.119
7.1,26-11-2004 02:25,0,7,,0,776,mwc,10,-3.609,135.404
7.1,22-11-2004 20:26,5,5,,0,782,mwc,10,-46.676,164.721
7.2,15-11-2004 09:06,8,8,,0,820,mwb,15,4.695,-77.508
7.5,11-11-2004 21:26,5,7,,0,870,mwc,10,-8.152,124.868
6.7,11-11-2004 17:34,0,6,,0,691,mwb,10,-11.128,162.208
6.7,02-11-2004 10:02,7,4,,0,703,mwb,10,49.277,-128.772
6.6,23-10-2004 08:56,0,8,,0,670,mwc,16,37.226,138.779
6.7,15-10-2004 04:08,5,6,,0,705,mwb,94,24.53,122.694
7,09-10-2004 21:26,0,6,,0,754,mwc,35,11.422,-86.665
6.5,08-10-2004 14:36,5,5,,0,665,mwb,105,13.925,120.534
6.8,08-10-2004 08:27,0,6,,0,711,mwb,36,-10.951,162.161
6.6,06-09-2004 23:29,0,4,,0,670,mwc,10,33.205,137.227
7.4,05-09-2004 14:57,0,5,,0,842,mwb,10,33.184,137.071
7.2,05-09-2004 10:07,0,5,,0,798,mwc,14,33.07,136.618
6.5,28-08-2004 13:41,0,7,,0,650,mwb,5,-35.173,-70.525
6.5,28-07-2004 03:56,0,7,,0,650,mwc,13.4,-0.443,133.091
6.9,10-06-2004 15:19,0,5,,0,732,mwb,188.6,55.682,160.003
6.6,03-05-2004 04:36,0,7,,0,670,mwb,21,-37.695,-73.406
6.7,23-04-2004 01:50,0,5,,0,691,mwb,65.8,-9.362,122.839
6.5,09-04-2004 15:23,0,4,,0,650,mwb,228.4,-13.174,167.198
6.6,05-04-2004 21:24,0,4,,0,670,mwb,187.1,36.512,71.029
6.7,08-02-2004 08:58,0,7,,0,691,mwc,25.7,-3.665,135.339
7.3,07-02-2004 02:42,0,7,,0,820,mwb,10,-4.003,135.023
7,05-02-2004 21:05,0,7,,0,754,mwc,16.6,-3.615,135.538
6.7,28-01-2004 22:15,0,6,,0,691,mwb,17.4,-3.12,127.4
7.3,27-12-2003 16:00,0,4,,0,820,mwc,10,-22.015,169.766
6.6,26-12-2003 01:56,0,9,,0,670,mwc,10,28.995,58.311
6.5,25-12-2003 07:11,0,6,,0,650,mwb,33,8.416,-82.824
6.5,22-12-2003 19:15,7,9,,0,1390,mw,8.382,35.7005,-121.101
6.8,10-12-2003 04:38,0,7,,0,711,mwb,10,23.039,121.362
6.6,25-11-2003 20:19,0,6,,0,670,mwb,35,-5.581,150.88
6.5,18-11-2003 17:14,0,6,,0,650,mwb,35,12.025,125.416
6.6,06-11-2003 10:38,0,5,,0,670,mwb,113.7,-19.262,168.892
7,31-10-2003 01:06,0,5,,0,754,mwb,10,37.812,142.619
6.7,08-10-2003 09:06,0,6,,0,691,mwc,32,42.648,144.57
6.7,01-10-2003 01:03,0,7,,0,691,mwb,10,50.211,87.721
6.5,29-09-2003 02:36,0,5,,0,650,mwc,25,42.45,144.38
7.3,27-09-2003 11:33,0,7,,0,820,mwb,16,50.038,87.813
7.4,25-09-2003 21:08,0,7,,0,842,mwc,33,41.774,143.593
8.16,25-09-2003 19:50,0,9,,0,1024,mww,27,41.815,143.91
6.6,21-09-2003 18:16,0,7,,0,670,mwb,10,19.917,95.672
7.2,21-08-2003 12:12,0,7,,0,798,mwc,28,-45.104,167.144
7.6,04-08-2003 04:37,0,6,,0,889,mwc,10,-60.532,-43.411
6.5,15-07-2003 18:46,0,6,,0,650,mwb,33,-3.828,152.174
6.8,20-06-2003 13:30,0,7,,0,711,mwc,33,-30.608,-71.637
6.9,16-06-2003 22:08,0,5,,0,732,mwb,174.8,55.492,159.999
6.6,07-06-2003 00:32,0,6,,0,670,mwc,33,-5.095,152.502
7,26-05-2003 19:23,0,6,,0,754,mwc,31,2.354,128.855
7,26-05-2003 09:24,0,7,,0,754,mwb,68,38.849,141.568
6.8,21-05-2003 18:44,0,9,,0,711,mwc,12,36.964,3.634
6.5,25-03-2003 02:53,0,7,,0,650,mwc,33,-8.294,120.743
6.8,11-03-2003 07:27,0,7,,0,711,mwc,40.2,-4.694,153.238
7.6,22-01-2003 02:06,0,7,,0,889,mwb,24,18.77,-104.104
6.5,21-01-2003 02:46,0,6,,0,650,mwc,24,13.626,-90.774
7.3,20-01-2003 08:43,0,6,,0,820,mwc,33,-10.491,160.77
6.7,10-01-2003 13:11,0,5,,0,691,mwb,71.9,-5.311,153.701
6.7,12-12-2002 08:30,0,6,,0,691,mwb,34,-4.786,153.275
7.9,03-11-2002 22:12,8,9,,0,1750,mw,4.2,63.5141,-147.453
7.4,02-11-2002 01:26,0,7,,0,842,mwb,30,2.824,96.085
6.6,23-10-2002 11:27,0,7,,0,670,mw,4.2,63.5144,-147.912
6.7,10-10-2002 12:28,0,7,,0,691,ms,10,-1.511,133.973
7.6,10-10-2002 10:50,0,7,,0,889,mwc,10,-1.757,134.297
6.5,13-09-2002 22:28,0,6,,0,650,mwc,21,13.036,93.068
7.6,08-09-2002 18:44,0,7,,0,889,mwc,13,-3.302,142.945
6.5,14-08-2002 13:57,0,4,,0,650,mwc,30,14.101,146.199
6.5,31-07-2002 00:16,0,7,,0,650,mwc,10,7.929,-82.793
6.5,22-06-2002 02:58,0,8,,0,650,mwc,10,35.626,49.047
6.6,18-06-2002 13:56,0,7,,0,670,mwb,54,-30.805,-71.124
6.7,17-06-2002 21:26,0,5,,0,691,mwc,33,-12.592,166.383
7.1,26-04-2002 16:06,0,7,,0,776,mwc,85.7,13.088,144.619
6.7,18-04-2002 16:08,0,7,,0,691,mwb,62,-27.535,-70.586
6.8,18-04-2002 05:02,0,6,,0,711,mwc,24.9,16.985,-100.865
7.1,31-03-2002 06:52,0,6,,0,776,mwc,32.8,24.279,122.179
6.5,28-03-2002 04:56,0,5,,0,650,mwc,125.1,-21.663,-68.329
7.5,05-03-2002 21:16,0,7,,0,865,mwc,31,6.033,124.249
7.4,03-03-2002 12:08,0,5,,0,842,mwc,225.6,36.502,70.482
6.6,05-02-2002 13:27,0,6,,0,670,mwc,39,-5.345,151.248
6.5,03-02-2002 07:11,0,7,,0,650,mwc,5,38.573,31.271
6.7,10-01-2002 11:14,0,8,,0,691,mwc,11,-3.212,142.427
6.6,03-01-2002 10:17,0,6,,0,670,mwc,10,-17.664,168.004
7.2,02-01-2002 17:22,0,6,,0,798,mwc,21,-17.6,167.856
6.8,23-12-2001 22:52,0,7,,0,711,mwc,16,-9.613,159.53
6.8,18-12-2001 04:02,0,5,,0,711,mwc,14,23.954,122.734
6.5,02-12-2001 13:01,0,5,,0,650,mwc,123.8,39.402,141.089
7.8,14-11-2001 09:26,0,9,,0,936,mwc,10,35.946,90.541
7,31-10-2001 09:10,0,7,,0,754,mwc,33,-5.912,150.196
7.5,19-10-2001 03:28,0,6,,0,865,mwc,33,-4.102,123.907
7,12-10-2001 15:02,0,6,,0,754,mwc,37,12.686,144.98
6.5,11-09-2001 14:56,0,6,,0,650,mwc,33,-0.578,133.13
6.6,28-07-2001 07:32,6,6,,0,754,mw,131.8,58.775,-154.701
6.5,26-07-2001 00:21,0,8,,0,650,mwc,10,39.059,24.244
7.6,07-07-2001 09:38,0,7,,0,889,mwc,33,-17.543,-72.077
6.6,05-07-2001 13:53,0,7,,0,670,mwc,62,-16.086,-73.987
6.7,26-06-2001 04:18,0,6,,0,691,mwc,24,-17.745,-71.649
8.4,23-06-2001 20:33,0,8,,0,1086,mww,33,-16.265,-73.641
6.7,19-04-2001 21:43,0,6,,0,691,mwc,17,-7.41,155.865
6.8,24-03-2001 06:27,0,7,,0,711,mwc,50,34.083,132.526
6.5,19-03-2001 05:52,0,6,,0,650,mwc,33,-4.029,128.02
6.8,28-02-2001 18:54,7,7,,0,1441,md,51.798,47.149,-122.727
7.1,24-02-2001 07:23,0,7,,0,776,mwc,35,1.271,126.249
7.4,13-02-2001 19:28,0,6,,0,842,mwc,36,-4.68,102.562
6.6,13-02-2001 14:22,0,8,,0,670,mwc,10,13.671,-88.938
7.7,26-01-2001 03:16,0,9,,0,912,mwc,16,23.419,70.232
6.9,16-01-2001 13:25,0,6,,0,732,mwb,28,-4.022,101.776
7.7,13-01-2001 17:33,0,8,,0,912,mwc,60,13.049,-88.66
6.9,10-01-2001 16:02,5,7,,0,745,mw,36.4,56.7744,-153.281
7.1,09-01-2001 16:49,0,7,,0,776,mwb,103,-14.928,167.17
6.8,01-01-2001 08:54,0,5,,0,711,mwc,33,6.631,126.899
7.5,01-01-2001 06:57,0,7,,0,865,mwc,33,6.898,126.579
6.5,06-12-2000 22:57,0,7,,0,650,mwc,31,-4.218,152.725
7,06-12-2000 17:11,0,7,,0,754,mwc,30,39.566,54.799
6.5,25-11-2000 18:10,0,6,,0,650,mwc,33,40.167,49.954
6.8,25-11-2000 18:09,0,6,,0,711,mwc,50.4,40.245,49.946
6.8,18-11-2000 06:54,0,6,,0,711,mwb,33,-5.228,151.771
6.6,18-11-2000 02:05,0,6,,0,670,mwc,33,-5.097,153.181
7.8,17-11-2000 21:01,0,7,,0,936,mwc,33,-5.496,151.781
6.5,16-11-2000 07:45,0,6,,0,650,mb,33,-4.827,153.226
7.8,16-11-2000 07:42,0,7,,0,936,mwc,30,-5.233,153.102
8,16-11-2000 04:54,0,7,,0,985,mwc,33,-3.98,152.169
6.5,08-11-2000 06:59,0,7,,0,650,mwc,17,7.042,-77.829
7,29-10-2000 08:37,0,7,,0,754,mwc,50,-4.766,153.945
6.8,25-10-2000 09:32,0,6,,0,711,mwc,38,-6.549,105.63
6.7,06-10-2000 04:30,0,8,,0,691,mwc,10,35.456,133.134
7,04-10-2000 16:58,0,7,,0,754,mwc,23,-15.421,166.91
6.5,02-10-2000 02:25,0,6,,0,650,mwb,34,-7.977,30.709
6.8,28-08-2000 15:05,0,6,,0,711,mwc,16,-4.11,127.394
6.5,09-08-2000 11:41,0,6,,0,650,mwc,45.8,18.198,-102.48
6.8,04-08-2000 21:13,0,7,,0,711,mwc,10,48.786,142.246
6.6,03-08-2000 01:09,0,6,,0,670,mwc,33,-12.037,166.448
6.5,30-07-2000 12:25,0,7,,0,650,mwc,10,33.901,139.376
6.6,16-07-2000 03:57,0,5,,0,670,mwc,10,-7.747,150.917
6.5,11-07-2000 01:32,0,6,,0,650,mw,42.9,57.3546,-154.198
6.5,21-06-2000 00:51,0,9,,0,650,mwc,10,63.98,-20.758
7.9,18-06-2000 14:44,0,5,,0,960,mwc,10,-13.802,97.453
6.5,17-06-2000 15:40,0,8,,0,650,mwc,10,63.966,-20.487
6.7,07-06-2000 23:45,0,5,,0,691,mwc,33,-4.612,101.905
6.7,04-06-2000 16:39,0,5,,0,691,mb,33,-4.646,102.102
7.9,04-06-2000 16:28,0,8,,0,960,mwc,33,-4.721,102.087
7.2,12-05-2000 18:43,0,5,,0,798,mwc,225,-23.548,-66.452
7.6,04-05-2000 04:21,0,7,,0,889,mwc,26,-1.105,123.573
6.6,03-03-2000 22:22,0,8,,0,670,mwc,10,-6.817,143.807
6.6,06-02-2000 11:33,0,6,,0,670,mwc,33,-5.844,150.876
6.8,28-01-2000 14:21,0,6,,0,711,mwc,61.1,43.046,146.837
7.2,08-01-2000 16:47,0,6,,0,798,mwc,183.4,-16.925,-174.248
6.9,29-12-1999 13:29,0,6,,0,732,mwb,33,-10.86,165.354
6.5,21-12-1999 14:14,0,6,,0,650,mwb,56,-6.845,105.555
7.3,11-12-1999 18:03,0,7,,0,820,mwc,33,15.766,119.74
7,06-12-1999 23:12,0,7,,0,754,mw,43.6,57.3424,-154.347
6.6,30-11-1999 04:01,0,5,,0,670,mwb,128.1,-18.901,-69.171
7.5,26-11-1999 13:21,0,7,,0,865,mwc,33,-16.423,168.214
7,19-11-1999 13:56,0,6,,0,754,mwc,33,-6.351,148.763
6.9,17-11-1999 03:27,0,6,,0,732,mwc,47.5,-5.978,148.82
7.2,12-11-1999 16:57,0,9,,0,798,mwc,10,40.758,31.161
6.5,08-11-1999 16:45,0,4,,0,650,mwc,228.4,36.522,71.24
7.1,16-10-1999 09:46,8,8,,0,1576,mw,13.73,34.6033,-116.265
7.5,30-09-1999 16:31,0,8,,0,865,mwc,60.6,16.059,-96.931
6.5,25-09-1999 23:52,0,7,,0,650,mwc,17,23.738,121.158
7.7,20-09-1999 17:47,0,9,,0,912,mwc,33,23.772,120.982
6.6,22-08-1999 12:40,0,6,,0,670,mwc,33,-16.117,168.039
6.9,20-08-1999 10:02,0,6,,0,732,mwc,20,9.044,-84.159
7.6,17-08-1999 00:01,0,9,,0,889,mwc,17,40.748,29.864
6.7,11-07-1999 14:14,0,8,,0,691,mwc,10,15.782,-88.33
7,15-06-1999 20:42,0,7,,0,754,mwc,70,18.386,-97.436
6.6,17-05-1999 10:07,0,5,,0,670,mwc,27,-5.165,152.877
7.1,16-05-1999 00:51,0,7,,0,776,mwc,73.7,-4.751,152.486
7.1,10-05-1999 20:33,0,7,,0,776,mwb,138,-5.159,150.88
6.8,13-04-1999 10:38,0,5,,0,711,mwc,164.2,-21.422,-176.46
7.4,05-04-1999 11:08,0,7,,0,842,mwc,150,-5.591,149.568
6.8,03-04-1999 06:17,0,7,,0,711,mwc,87.2,-16.66,-72.662
6.6,28-03-1999 19:05,0,7,,0,670,mwb,15,30.512,79.403
6.9,20-03-1999 10:47,0,6,,0,732,mwc,33,51.587,-177.668
6.9,08-03-1999 12:25,0,5,,0,732,mwc,56.6,52.056,159.52
7.1,04-03-1999 08:52,0,6,,0,776,mwc,33,5.397,121.937
6.6,04-03-1999 05:38,0,7,,0,670,mwc,33,28.343,57.193
7.3,06-02-1999 21:47,0,7,,0,820,mwc,90.1,-12.853,166.697
6.6,28-01-1999 08:10,0,6,,0,670,mwc,67.2,52.886,-169.123
7,19-01-1999 03:35,0,7,,0,754,mwc,114.1,-4.596,153.235
6.8,27-12-1998 00:38,0,5,,0,711,mwc,144.3,-21.632,-176.376
7.7,29-11-1998 14:10,0,7,,0,912,mwc,33,-2.071,124.891
7,09-11-1998 05:38,0,7,,0,754,mwc,33,-6.92,128.946
6.7,09-11-1998 05:30,0,6,,0,691,mwc,33,-6.954,129.022
6.6,28-09-1998 13:34,0,5,,0,670,mwb,151.6,-8.194,112.413
6.6,03-09-1998 17:37,0,6,,0,670,mwc,27,-29.45,-71.715
6.8,02-09-1998 08:37,0,5,,0,711,mwc,50,5.41,126.764
7.2,04-08-1998 18:59,0,7,,0,798,mwc,33,-0.593,-80.393
6.7,29-07-1998 18:00,0,6,,0,691,mwc,33,-2.693,138.901
7,17-07-1998 08:49,0,7,,0,754,mwc,10,-2.961,141.926
7,16-07-1998 11:56,0,7,,0,754,mwc,110.2,-11.04,166.16
6.6,30-05-1998 06:22,0,6,,0,670,mwb,33,37.106,70.11
6.6,22-05-1998 04:48,0,8,,0,670,mwb,24,-17.731,-65.431
6.7,21-05-1998 05:34,0,6,,0,691,mwb,33,0.207,119.584
6.6,13-05-1998 23:02,0,6,,0,670,mwc,61.4,-5.147,151.714
7.5,03-05-1998 23:30,0,5,,0,865,mwb,33,22.306,125.308
6.6,03-04-1998 22:01,0,5,,0,670,mwc,164.6,-8.148,-74.238
7,01-04-1998 17:56,0,6,,0,754,mwc,55.7,-0.544,99.261
6.6,14-03-1998 19:40,0,8,,0,670,mwc,9,30.154,57.605
7.1,30-01-1998 12:16,0,7,,0,776,mwc,42,-23.913,-70.207
6.7,12-01-1998 16:36,0,6,,0,691,mwc,23.4,-15.848,-179.376
6.6,12-01-1998 10:14,0,7,,0,670,mwc,34.8,-30.985,-71.41
6.6,10-01-1998 08:20,0,6,,0,670,mwc,33,14.374,-91.473
7.2,22-12-1997 02:05,0,6,,0,798,mwc,179.3,-5.495,147.867
7.8,05-12-1997 11:26,0,7,,0,936,mwc,33,54.841,162.035
7,25-11-1997 12:14,0,6,,0,754,mwc,24,1.241,122.536
6.6,18-11-1997 13:07,0,7,,0,670,mwc,33,37.57,20.656
7,15-11-1997 18:59,0,6,,0,754,mwc,123.1,-15.145,167.375
6.5,09-11-1997 22:56,0,4,,0,650,mwb,176.4,13.849,-88.808
7.5,08-11-1997 10:02,0,7,,0,865,mwc,33,35.069,87.325
7.2,28-10-1997 06:15,0,7,,0,798,mwc,112,-4.368,-76.681
7.1,15-10-1997 01:03,0,7,,0,776,mwc,58,-30.933,-71.22
7.8,14-10-1997 09:53,0,7,,0,936,mwb,167.3,-22.101,-176.772
6.5,06-10-1997 12:30,0,5,,0,650,mwb,105.6,9.79,125.779
6.8,02-09-1997 12:13,0,5,,0,711,mwb,198.7,3.849,-75.749
6.6,29-08-1997 08:14,0,6,,0,670,mwc,22.8,-3.562,144.362
6.9,19-07-1997 14:22,0,6,,0,732,mwb,33,16.333,-98.216
7,09-07-1997 19:24,0,8,,0,754,mwc,19.9,10.598,-63.486
6.8,06-07-1997 09:54,0,6,,0,711,mwc,19,-30.058,-71.872
6.5,22-05-1997 07:50,0,6,,0,650,mwc,70,18.684,-101.604
6.8,21-05-1997 14:10,0,6,,0,711,mwc,57,-20.438,169.287
6.5,13-05-1997 14:13,0,4,,0,650,mwb,196,36.411,70.945
7.3,10-05-1997 07:57,0,9,,0,820,mwb,10,33.825,59.809
6.5,23-04-1997 19:44,0,6,,0,650,mwc,100.8,13.986,144.901
6.7,22-04-1997 09:31,0,7,,0,691,mwb,5,11.112,-60.892
7.7,21-04-1997 12:02,0,6,,0,912,mwc,33,-12.584,166.676
6.5,05-04-1997 12:23,0,6,,0,650,mwc,69.1,-6.485,147.408
6.9,11-03-1997 19:22,0,5,,0,732,mwb,10,7.742,127.647
7.1,27-02-1997 21:08,0,6,,0,776,mwc,33,29.976,68.208
6.5,04-02-1997 10:37,0,8,,0,650,mwc,10,37.661,57.291
7.2,11-01-1997 20:28,0,7,,0,798,mwb,33,18.219,-102.756
6.5,22-12-1996 14:53,0,4,,0,650,mwc,226.5,43.207,138.92
6.7,02-12-1996 22:17,0,6,,0,691,mwc,49.2,31.789,131.314
6.9,19-11-1996 10:44,0,7,,0,732,mwc,33,35.345,78.133
7.7,12-11-1996 16:59,0,7,,0,912,mwc,33,-14.993,-75.675
6.7,19-10-1996 14:44,0,7,,0,691,mwc,22,31.885,131.468
6.6,18-10-1996 10:50,0,7,,0,670,mwc,10,30.568,131.093
6.8,14-10-1996 23:26,0,6,,0,711,mwc,24,-7.133,155.568
6.8,09-10-1996 13:10,0,6,,0,711,mwc,33,34.556,32.126
6.6,20-09-1996 04:11,0,6,,0,670,mwc,33,9.454,126.334
6.6,20-09-1996 04:10,0,6,,0,670,mwc,33,9.463,126.284
6.8,05-09-1996 23:42,0,6,,0,711,mwc,20,21.898,121.498
6.9,02-08-1996 12:55,0,6,,0,732,mwc,33,-10.769,161.445
7,22-07-1996 14:19,0,6,,0,754,mwc,33,1,120.45
6.6,16-07-1996 10:07,0,6,,0,670,mwb,33,1.016,120.254
6.8,15-07-1996 21:23,0,6,,0,711,mwb,18.3,17.6,-100.965
7.9,17-06-1996 11:22,0,4,,0,960,mwc,587.3,-7.137,122.589
7.1,11-06-1996 18:22,0,6,,0,776,mwc,33,12.614,125.154
7.3,10-06-1996 15:24,0,7,,0,820,mwc,26.3,51.478,-176.847
7.9,10-06-1996 04:03,0,7,,0,960,mwc,33,51.564,-177.632
6.7,10-06-1996 01:04,0,4,,0,691,mwc,200.1,-13.481,167.13
7.2,29-04-1996 14:40,0,6,,0,798,mwc,44,-6.518,154.999
6.6,19-04-1996 00:19,0,7,,0,670,mwb,49.5,-23.944,-70.093
6.7,17-03-1996 14:48,0,5,,0,691,mwc,164.4,-14.705,167.297
6.7,03-03-1996 16:37,0,6,,0,691,mwc,33,11.905,-86.772
6.6,03-03-1996 14:55,0,6,,0,670,mwc,33,11.657,-86.856
7.1,25-02-1996 03:08,0,7,,0,776,mw,21.1,15.978,-98.07
7.5,21-02-1996 12:51,0,6,,0,865,mw,10,-9.593,-79.587
6.5,17-02-1996 20:18,0,6,,0,650,mw,31.9,-0.917,136.225
6.5,17-02-1996 14:21,0,6,,0,650,mw,19.2,-0.567,135.84
8.09,17-02-1996 05:59,0,8,,0,1007,mww,33,-0.891,136.952
6.7,16-02-1996 15:22,0,4,,0,691,mw,40.8,37.353,142.38
7.2,07-02-1996 21:36,0,6,,0,798,mw,42.6,45.324,149.892
6.6,03-02-1996 11:14,0,10,,0,670,mw,11.1,27.291,100.276
6.6,01-01-1996 09:57,0,7,,0,670,ms,33,53.826,159.586
7.9,01-01-1996 08:05,0,8,,0,960,mw,24,0.729,119.931
7.1,25-12-1995 04:43,0,6,,0,776,mw,141.9,-6.903,129.151
6.5,19-12-1995 23:28,0,6,,0,650,mwb,63.4,-3.703,140.233
7.9,03-12-1995 18:01,0,6,,0,960,mw,33,44.663,149.3
7.2,22-11-1995 04:15,0,9,,0,798,mw,10,28.826,34.799
6.7,01-11-1995 00:35,0,7,,0,691,mw,19.9,-28.906,-71.417
7.2,21-10-1995 02:38,0,6,,0,798,mw,159.3,16.84,-93.469
6.8,19-10-1995 02:41,0,6,,0,711,mw,19.7,28.094,130.148
7.1,18-10-1995 10:37,0,6,,0,776,mw,28.4,27.929,130.175
8,09-10-1995 15:35,0,8,,0,985,mw,33,19.055,-104.205
6.8,06-10-1995 18:09,0,7,,0,711,mw,33,-2.045,101.436
6.5,03-10-1995 12:44,0,7,,0,650,mw,16.7,-2.778,-77.851
7,03-10-1995 01:51,0,7,,0,754,mw,24.4,-2.75,-77.881
6.5,23-09-1995 22:31,0,5,,0,650,mwb,59.9,-10.68,-78.581
7.4,14-09-1995 14:04,0,7,,0,842,mwb,23,16.779,-98.597
6.6,28-08-1995 10:46,0,5,,0,670,mwb,12.2,26.092,-110.284
6.6,19-08-1995 21:43,0,6,,0,670,mw,119.6,5.139,-75.577
7.2,16-08-1995 23:10,0,6,,0,798,mw,33,-5.771,154.347
6.6,16-08-1995 16:24,0,4,,0,670,mw,18.7,-5.429,153.773
7.7,16-08-1995 10:27,0,6,,0,912,mw,30.1,-5.799,154.178
6.7,14-08-1995 04:37,0,6,,0,691,mw,127.9,-4.836,151.515
8,30-07-1995 05:11,0,8,,0,985,mw,45.6,-23.34,-70.294
6.8,11-07-1995 21:46,0,8,,0,711,mw,12.5,21.966,99.196
6.6,29-06-1995 12:24,0,5,,0,670,mw,139.4,-19.544,169.287
6.5,15-06-1995 00:15,0,7,,0,650,mw,14.2,38.401,22.283
7.1,27-05-1995 13:03,0,9,,0,776,mwb,11,52.629,142.827
7.7,16-05-1995 20:12,0,4,,0,912,mw,20.2,-23.008,169.9
6.9,14-05-1995 11:33,0,6,,0,732,mw,11.2,-8.378,125.127
6.6,13-05-1995 08:47,0,9,,0,670,mw,14,40.149,21.695
7.1,05-05-1995 03:53,0,7,,0,776,mw,16,12.626,125.297


